"sample_size","indep_IRMSE","indep_DR_IRMSE"
2000,0.0218952185459699,0.147929526701676
4000,0.0220763532574458,0.147929526701682
6000,0.0220829065828038,0.147929526700102
